Need,Audience,Matching resources,Status
Build Relationships,Educator,9,Has matches
Build Relationships,School Leader,4,Has matches
Build Relationships,Student Support Staff,11,Has matches
Build Relationships,Family/Caregiver,3,Has matches
Build Relationships,Scholar,7,Has matches
Manage Emotions,Educator,4,Has matches
Manage Emotions,School Leader,1,Has matches
Manage Emotions,Student Support Staff,4,Has matches
Manage Emotions,Family/Caregiver,4,Has matches
Manage Emotions,Scholar,2,Has matches
Build Belonging,Educator,10,Has matches
Build Belonging,School Leader,4,Has matches
Build Belonging,Student Support Staff,11,Has matches
Build Belonging,Family/Caregiver,1,Has matches
Build Belonging,Scholar,8,Has matches
Resolve Conflict,Educator,2,Has matches
Resolve Conflict,School Leader,1,Has matches
Resolve Conflict,Student Support Staff,3,Has matches
Resolve Conflict,Family/Caregiver,2,Has matches
Resolve Conflict,Scholar,3,Has matches
Support Behavior,Educator,3,Has matches
Support Behavior,School Leader,3,Has matches
Support Behavior,Student Support Staff,3,Has matches
Support Behavior,Family/Caregiver,1,Has matches
Support Behavior,Scholar,1,Has matches
Support Attendance,Educator,4,Has matches
Support Attendance,School Leader,5,Has matches
Support Attendance,Student Support Staff,8,Has matches
Support Attendance,Family/Caregiver,4,Has matches
Support Attendance,Scholar,2,Has matches
Teach SEL,Educator,6,Has matches
Teach SEL,School Leader,4,Has matches
Teach SEL,Student Support Staff,4,Has matches
Teach SEL,Family/Caregiver,3,Has matches
Teach SEL,Scholar,1,Has matches
Support a Family,Educator,1,Has matches
Support a Family,School Leader,1,Has matches
Support a Family,Student Support Staff,4,Has matches
Support a Family,Family/Caregiver,6,Has matches
Support a Family,Scholar,2,Has matches
Adult SEL,Educator,3,Has matches
Adult SEL,School Leader,5,Has matches
Adult SEL,Student Support Staff,3,Has matches
Adult SEL,Family/Caregiver,5,Has matches
Adult SEL,Scholar,0,Intentional exclusion
