URL,Audit status,Finding
https://988lifeline.org/,NOT INDEPENDENTLY VERIFIED,Destination/content requires external confirmation; no claim of validation
https://casel.org/blog/social-and-emotional-learning-starts-at-home-and-doesnt-end-there/,NOT INDEPENDENTLY VERIFIED,Destination/content requires external confirmation; no claim of validation
https://casel.org/systemic-implementation/sel-with-families-caregivers/,NOT INDEPENDENTLY VERIFIED,Destination/content requires external confirmation; no claim of validation
https://casel.org/what-is-sel/,NOT INDEPENDENTLY VERIFIED,Destination/content requires external confirmation; no claim of validation
https://childmind.org/article/how-to-help-kids-through-a-friendship-breakup/,NOT INDEPENDENTLY VERIFIED,Destination/content requires external confirmation; no claim of validation
https://childmind.org/article/teaching-kids-how-to-deal-with-conflict/,CONTENT VERIFIED,Verified article content
https://drc.casel.org/strengthen-adult-sel-competencies-and-capacity/professional-learning/resources/,NOT INDEPENDENTLY VERIFIED,Destination/content requires external confirmation; no claim of validation
https://grps-cdn.fxbrt.com/downloads/social_emotional_learning/community_building_questions_for_scholars.pdf,NOT INDEPENDENTLY VERIFIED,Destination/content requires external confirmation; no claim of validation
https://grps-cdn.fxbrt.com/downloads/social_emotional_learning/grounding_technique_cards.pdf,NOT INDEPENDENTLY VERIFIED,Destination/content requires external confirmation; no claim of validation
https://grps.org,NOT INDEPENDENTLY VERIFIED,Destination/content requires external confirmation; no claim of validation
https://grps.org/departments/css/scholar-guide/,NOT INDEPENDENTLY VERIFIED,Destination/content requires external confirmation; no claim of validation
https://grps.org/departments/face/,NOT INDEPENDENTLY VERIFIED,Destination/content requires external confirmation; no claim of validation
https://grps.org/departments/sel/,NOT INDEPENDENTLY VERIFIED,Destination/content requires external confirmation; no claim of validation
https://grps.org/departments/sel/sel-curriculum/,NOT INDEPENDENTLY VERIFIED,Destination/content requires external confirmation; no claim of validation
https://grps.org/departments/sel/sel-resources/,NOT INDEPENDENTLY VERIFIED,Destination/content requires external confirmation; no claim of validation
https://highleveragepractices.org/,NOT INDEPENDENTLY VERIFIED,Destination/content requires external confirmation; no claim of validation
https://ies.ed.gov/ncee/wwc/,NOT INDEPENDENTLY VERIFIED,Destination/content requires external confirmation; no claim of validation
https://mtss4success.org/,NOT INDEPENDENTLY VERIFIED,Destination/content requires external confirmation; no claim of validation
https://schoolguide.casel.org/,NOT INDEPENDENTLY VERIFIED,Destination/content requires external confirmation; no claim of validation
https://schoolguide.casel.org/resource/restorative-practices-and-sel-alignment/,CONTENT VERIFIED,Verified exact CASEL resource
https://signaturepractices.casel.org/ask-me-about/,CONTENT VERIFIED,Verified named CASEL activity page
https://signaturepractices.casel.org/color-chips/,CONTENT VERIFIED,Verified named CASEL activity page
https://signaturepractices.casel.org/four-corners/,CONTENT VERIFIED,Verified named CASEL activity page
https://signaturepractices.casel.org/greeting-frenzy/,CONTENT VERIFIED,Verified named CASEL activity page
https://signaturepractices.casel.org/mix-and-mingle/,CONTENT VERIFIED,Verified named CASEL activity page
https://signaturepractices.casel.org/name-and-motion/,CONTENT VERIFIED,Verified named CASEL activity page
https://signaturepractices.casel.org/practices/,NOT INDEPENDENTLY VERIFIED,Destination/content requires external confirmation; no claim of validation
https://signaturepractices.casel.org/quiz-quiz-trade/,CONTENT VERIFIED,Verified named CASEL activity page
https://signaturepractices.casel.org/whats-the-news/,CONTENT VERIFIED,Verified named CASEL activity page
https://www.attendanceworks.org/,NOT INDEPENDENTLY VERIFIED,Destination/content requires external confirmation; no claim of validation
https://www.attendanceworks.org/chronic-absence/addressing-chronic-absence/3-tiers-of-intervention/root-causes/,NOT INDEPENDENTLY VERIFIED,Destination/content requires external confirmation; no claim of validation
https://www.attendanceworks.org/resources/attendance-playbook/,NOT INDEPENDENTLY VERIFIED,Destination/content requires external confirmation; no claim of validation
https://www.attendanceworks.org/resources/toolkits/mentoring-elementary-success-mentors/,NOT INDEPENDENTLY VERIFIED,Destination/content requires external confirmation; no claim of validation
https://www.attendanceworks.org/resources/toolkits/teaching-attendance-2-0/,CONTENT VERIFIED,Verified toolkit page
https://www.attendanceworks.org/wp-content/uploads/2019/06/Root-Causes-Worksheet-9-8-25-v2.pdf,NOT INDEPENDENTLY VERIFIED,Destination/content requires external confirmation; no claim of validation
https://www.cdc.gov/mental-health/living-with/,NOT INDEPENDENTLY VERIFIED,Destination/content requires external confirmation; no claim of validation
https://www.findhelp.org/,NOT INDEPENDENTLY VERIFIED,Destination/content requires external confirmation; no claim of validation
https://www.healthychildren.org/English/family-life/family-dynamics/Pages/Feeling-Overwhelmed-with-Parenting-Demands.aspx,NOT INDEPENDENTLY VERIFIED,Destination/content requires external confirmation; no claim of validation
https://www.healthychildren.org/English/family-life/family-dynamics/Pages/Importance-of-Self-Care.aspx,NOT INDEPENDENTLY VERIFIED,Destination/content requires external confirmation; no claim of validation
https://www.healthychildren.org/English/healthy-living/emotional-wellness/Building-Resilience/Pages/When-Things-Arent-Perfect-Caring-for-Yourself-Your-Children.aspx,NOT INDEPENDENTLY VERIFIED,Destination/content requires external confirmation; no claim of validation
https://www.kentssn.org/our-schools/,CONTENT VERIFIED,Verified official KSSN school directory
https://www.pbis.org/,NOT INDEPENDENTLY VERIFIED,Destination/content requires external confirmation; no claim of validation
https://www.pbis.org/resource/the-student-teacher-game,CONTENT VERIFIED,Verified exact PBIS resource
https://www.pbis.org/topics/school-wide,NOT INDEPENDENTLY VERIFIED,Destination/content requires external confirmation; no claim of validation
https://www.pgcps.org/globalassets/offices/psychological-services/images/sel-framework.png,NOT INDEPENDENTLY VERIFIED,Destination/content requires external confirmation; no claim of validation
https://www.samhsa.gov/find-support,NOT INDEPENDENTLY VERIFIED,Destination/content requires external confirmation; no claim of validation
