URL,Live-host verification
https://www.pgcps.org/globalassets/offices/psychological-services/images/sel-framework.png,Pending live browser/network check
https://casel.org/what-is-sel/,Pending live browser/network check
https://grps.org/departments/sel/,Pending live browser/network check
https://grps.org/departments/sel/sel-resources/,Pending live browser/network check
https://grps.org,Pending live browser/network check
https://grps-cdn.fxbrt.com/downloads/social_emotional_learning/community_building_questions_for_scholars.pdf,Pending live browser/network check
https://signaturepractices.casel.org/practices/,Pending live browser/network check
https://www.attendanceworks.org/resources/toolkits/mentoring-elementary-success-mentors/what-does-an-elementary-success-mentor-do/work-with-staff-to-provide-support-services-and-intervention/,Pending live browser/network check
https://grps-cdn.fxbrt.com/downloads/social_emotional_learning/grounding_technique_cards.pdf,Pending live browser/network check
https://www.pbis.org/,Pending live browser/network check
https://www.attendanceworks.org/chronic-absence/addressing-chronic-absence/3-tiers-of-intervention/root-causes/,Pending live browser/network check
https://www.attendanceworks.org/resources/attendance-playbook/,Pending live browser/network check
https://www.attendanceworks.org/resources/toolkits/step-2-use-data-to-understand-and-address-the-challenge/,Pending live browser/network check
https://schoolguide.casel.org/,Pending live browser/network check
https://988lifeline.org/,Pending live browser/network check
https://www.attendanceworks.org/,Pending live browser/network check
https://www.findhelp.org/,Pending live browser/network check
https://mtss4success.org/,Pending live browser/network check
https://www.kentisd.org/parents--community/,Pending live browser/network check
https://grps.org/departments/sel/sel-curriculum/,Pending live browser/network check
https://grps.org/departments/face/,Pending live browser/network check
https://drc.casel.org/strengthen-adult-sel-competencies-and-capacity/professional-learning/resources/,Pending live browser/network check
https://www.attendanceworks.org/resources/toolkits/mentoring-elementary-success-mentors/,Pending live browser/network check
https://ies.ed.gov/ncee/wwc/,Pending live browser/network check
https://highleveragepractices.org/,Pending live browser/network check
https://www.pbis.org/topics/school-wide,Pending live browser/network check
https://grps.org/departments/css/scholar-guide/,Pending live browser/network check
https://www.samhsa.gov/find-support,Pending live browser/network check
