Resource,Need,Intended audience,Type,URL
Community-Building Questions for Scholars,Build Relationships; Build Belonging,Educator; Student Support Staff,Scholar activity,https://grps-cdn.fxbrt.com/downloads/social_emotional_learning/community_building_questions_for_scholars.pdf
CASEL Three Signature Practices,Build Relationships; Build Belonging; Teach SEL,Educator; Student Support Staff,Staff practice collection,https://signaturepractices.casel.org/practices/
CASEL Schoolwide SEL Guide,Build Relationships; Build Belonging; Adult SEL,School Leader,Schoolwide implementation guide,https://schoolguide.casel.org/
GRPS SEL Resources Library,Teach SEL,Educator,District resource directory,https://grps.org/departments/sel/sel-resources/
GRPS Grounding Technique Cards,Manage Emotions,Educator; Student Support Staff; Family/Caregiver; Scholar,Regulation activity,https://grps-cdn.fxbrt.com/downloads/social_emotional_learning/grounding_technique_cards.pdf
CASEL SEL Framework,Teach SEL; Adult SEL,School Leader; Educator; Student Support Staff,Framework overview,https://casel.org/what-is-sel/
GRPS SEL Curriculum Information,Teach SEL,Educator; School Leader,Curriculum information,https://grps.org/departments/sel/sel-curriculum/
Center on PBIS — Schoolwide PBIS,Support Behavior; Build Belonging,School Leader,Schoolwide systems guidance,https://www.pbis.org/topics/school-wide
Center on PBIS — Resource Center,Support Behavior,Educator; Student Support Staff,Professional resource directory,https://www.pbis.org/
Attendance Works — Root Causes of Absence,Support Attendance,School Leader; Student Support Staff,Root-cause guidance,https://www.attendanceworks.org/chronic-absence/addressing-chronic-absence/3-tiers-of-intervention/root-causes/
Attendance Works — Root Causes Worksheet,Support Attendance,Student Support Staff,Problem-solving worksheet,https://www.attendanceworks.org/wp-content/uploads/2019/06/Root-Causes-Worksheet-9-8-25-v2.pdf
Attendance Works — Attendance Playbook,Support Attendance,School Leader; Student Support Staff,Strategy collection,https://www.attendanceworks.org/resources/attendance-playbook/
Attendance Works — Success Mentors,Support Attendance; Build Relationships,School Leader; Student Support Staff,Mentoring implementation toolkit,https://www.attendanceworks.org/resources/toolkits/mentoring-elementary-success-mentors/
GRPS Family and Community Engagement,Support a Family,Family/Caregiver; Student Support Staff,District department page,https://grps.org/departments/face/
Findhelp — Local Support Search,Support a Family; Support Attendance,Family/Caregiver; Student Support Staff,Community support directory,https://www.findhelp.org/
GRPS Scholar Resource Guide,Support a Family; Support Attendance,Family/Caregiver; Scholar,District guide,https://grps.org/departments/css/scholar-guide/
988 Suicide & Crisis Lifeline,Support a Family,Family/Caregiver; Scholar; Student Support Staff,Crisis support,https://988lifeline.org/
CASEL Schoolwide Adult SEL Resources,Adult SEL,School Leader,Schoolwide implementation guide,https://schoolguide.casel.org/
