Need,Audience,Matches,Resource titles
Build Relationships,Educator,9,"Community-Building Questions for Scholars; CASEL Three Signature Practices; Ask Me About…; Greeting Frenzy; Quiz, Quiz, Trade; What’s the News?; Mix and Mingle; CASEL Practices Library — Adult Group Activities; Name and Motion"
Build Relationships,School Leader,4,CASEL Schoolwide SEL Guide; Attendance Works — Success Mentors; SEL with Families and Caregivers; CASEL Practices Library — Adult Group Activities
Build Relationships,Student Support Staff,11,"Community-Building Questions for Scholars; CASEL Three Signature Practices; Attendance Works — Success Mentors; Ask Me About…; Greeting Frenzy; Quiz, Quiz, Trade; What’s the News?; Mix and Mingle; Helping Kids Through a Friendship Breakup; CASEL Practices Library — Adult Group Activities; Name and Motion"
Build Relationships,Family/Caregiver,2,Helping Kids Through a Friendship Breakup; SEL with Families and Caregivers
Build Relationships,Scholar,7,"Ask Me About…; Greeting Frenzy; Quiz, Quiz, Trade; What’s the News?; Mix and Mingle; Helping Kids Through a Friendship Breakup; Name and Motion"
Manage Emotions,Educator,3,GRPS Grounding Technique Cards; Color Chips Check-In; GRPS SEL Resources — Browse Activities
Manage Emotions,School Leader,0,
Manage Emotions,Student Support Staff,3,GRPS Grounding Technique Cards; Color Chips Check-In; GRPS SEL Resources — Browse Activities
Manage Emotions,Family/Caregiver,2,GRPS Grounding Technique Cards; GRPS SEL Resources — Browse Activities
Manage Emotions,Scholar,2,GRPS Grounding Technique Cards; Color Chips Check-In
Build Belonging,Educator,10,"Community-Building Questions for Scholars; CASEL Three Signature Practices; Ask Me About…; Greeting Frenzy; Quiz, Quiz, Trade; What’s the News?; Mix and Mingle; Color Chips Check-In; Four Corners; Name and Motion"
Build Belonging,School Leader,4,CASEL Schoolwide SEL Guide; Center on PBIS — Schoolwide PBIS; SEL with Families and Caregivers; Center on PBIS — Schoolwide Practices
Build Belonging,Student Support Staff,11,"Community-Building Questions for Scholars; CASEL Three Signature Practices; Ask Me About…; Greeting Frenzy; Quiz, Quiz, Trade; What’s the News?; Mix and Mingle; Color Chips Check-In; Four Corners; Name and Motion; Center on PBIS — Schoolwide Practices"
Build Belonging,Family/Caregiver,1,SEL with Families and Caregivers
Build Belonging,Scholar,8,"Ask Me About…; Greeting Frenzy; Quiz, Quiz, Trade; What’s the News?; Mix and Mingle; Color Chips Check-In; Four Corners; Name and Motion"
Resolve Conflict,Educator,2,Four Corners; Teaching Kids How to Deal With Conflict
Resolve Conflict,School Leader,0,
Resolve Conflict,Student Support Staff,3,Four Corners; Teaching Kids How to Deal With Conflict; Helping Kids Through a Friendship Breakup
Resolve Conflict,Family/Caregiver,2,Teaching Kids How to Deal With Conflict; Helping Kids Through a Friendship Breakup
Resolve Conflict,Scholar,3,Four Corners; Teaching Kids How to Deal With Conflict; Helping Kids Through a Friendship Breakup
Support Behavior,Educator,2,Center on PBIS — Resource Center; GRPS SEL Resources — Browse Activities
Support Behavior,School Leader,3,Center on PBIS — Schoolwide PBIS; Center on PBIS — Schoolwide Practices; CASEL Schoolwide SEL Guide — Staff Implementation
Support Behavior,Student Support Staff,3,Center on PBIS — Resource Center; GRPS SEL Resources — Browse Activities; Center on PBIS — Schoolwide Practices
Support Behavior,Family/Caregiver,1,GRPS SEL Resources — Browse Activities
Support Behavior,Scholar,0,
Support Attendance,Educator,1,Attendance Works — Attendance Resources
Support Attendance,School Leader,3,Attendance Works — Root Causes of Absence; Attendance Works — Attendance Playbook; Attendance Works — Success Mentors
Support Attendance,Student Support Staff,6,Attendance Works — Root Causes of Absence; Attendance Works — Root Causes Worksheet; Attendance Works — Attendance Playbook; Attendance Works — Success Mentors; Findhelp — Local Support Search; Findhelp — Locate Community Support
Support Attendance,Family/Caregiver,4,Findhelp — Local Support Search; GRPS Scholar Resource Guide; Attendance Works — Attendance Resources; Findhelp — Locate Community Support
Support Attendance,Scholar,2,GRPS Scholar Resource Guide; Attendance Works — Attendance Resources
Teach SEL,Educator,6,CASEL Three Signature Practices; GRPS SEL Resources Library; CASEL SEL Framework; GRPS SEL Curriculum Information; Four Corners; GRPS SEL Resources — Browse Activities
Teach SEL,School Leader,4,CASEL SEL Framework; GRPS SEL Curriculum Information; SEL with Families and Caregivers; CASEL Schoolwide SEL Guide — Staff Implementation
Teach SEL,Student Support Staff,4,CASEL Three Signature Practices; CASEL SEL Framework; Four Corners; GRPS SEL Resources — Browse Activities
Teach SEL,Family/Caregiver,2,SEL with Families and Caregivers; GRPS SEL Resources — Browse Activities
Teach SEL,Scholar,1,Four Corners
Support a Family,Educator,0,
Support a Family,School Leader,1,SEL with Families and Caregivers
Support a Family,Student Support Staff,4,GRPS Family and Community Engagement; Findhelp — Local Support Search; 988 Suicide & Crisis Lifeline; Findhelp — Locate Community Support
Support a Family,Family/Caregiver,6,GRPS Family and Community Engagement; Findhelp — Local Support Search; GRPS Scholar Resource Guide; 988 Suicide & Crisis Lifeline; SEL with Families and Caregivers; Findhelp — Locate Community Support
Support a Family,Scholar,2,GRPS Scholar Resource Guide; 988 Suicide & Crisis Lifeline
Adult SEL,Educator,2,CASEL SEL Framework; CASEL Practices Library — Adult Group Activities
Adult SEL,School Leader,4,CASEL Schoolwide SEL Guide; CASEL SEL Framework; CASEL Practices Library — Adult Group Activities; CASEL Schoolwide SEL Guide — Staff Implementation
Adult SEL,Student Support Staff,2,CASEL SEL Framework; CASEL Practices Library — Adult Group Activities
Adult SEL,Family/Caregiver,0,
Adult SEL,Scholar,0,
