Title,Needs,Audiences,Description,URL,Source
Community-Building Questions for Scholars,Build Relationships; Build Belonging,Educator; Student Support Staff,Facilitated prompts for conversations with scholars; not a school-leadership planning tool.,https://grps-cdn.fxbrt.com/downloads/social_emotional_learning/community_building_questions_for_scholars.pdf,GRPS
CASEL Three Signature Practices,Build Relationships; Build Belonging; Teach SEL,Educator; Student Support Staff,"Staff-led inclusive welcomes, engaging strategies and intentional closings.",https://signaturepractices.casel.org/practices/,CASEL
CASEL Schoolwide SEL Guide,Build Relationships; Build Belonging; Adult SEL,School Leader,Leadership teams planning and implementing schoolwide SEL.,https://schoolguide.casel.org/,CASEL
GRPS SEL Resources Library,Teach SEL,Educator,Browse the district collection; this is not a ready-to-use individual activity.,https://grps.org/departments/sel/sel-resources/,GRPS
GRPS Grounding Technique Cards,Manage Emotions,Educator; Student Support Staff; Family/Caregiver; Scholar,Grounding cards that can be used by scholars or facilitated by an adult.,https://grps-cdn.fxbrt.com/downloads/social_emotional_learning/grounding_technique_cards.pdf,GRPS
CASEL SEL Framework,Teach SEL; Adult SEL,School Leader; Educator; Student Support Staff,Professional background on SEL competencies; not a direct intervention.,https://casel.org/what-is-sel/,CASEL
GRPS SEL Curriculum Information,Teach SEL,Educator; School Leader,"District curriculum overview, not a lesson plan.",https://grps.org/departments/sel/sel-curriculum/,GRPS
Center on PBIS — Schoolwide PBIS,Support Behavior; Build Belonging,School Leader,Leadership guidance for implementing schoolwide PBIS.,https://www.pbis.org/topics/school-wide,Center on PBIS
Center on PBIS — Resource Center,Support Behavior,Educator; Student Support Staff,Browse PBIS resources; select a relevant tool after opening.,https://www.pbis.org/,Center on PBIS
Attendance Works — Root Causes of Absence,Support Attendance,School Leader; Student Support Staff,Guidance for teams investigating attendance barriers.,https://www.attendanceworks.org/chronic-absence/addressing-chronic-absence/3-tiers-of-intervention/root-causes/,Attendance Works
Attendance Works — Root Causes Worksheet,Support Attendance,Student Support Staff,Worksheet for staff examining causes of chronic absence.,https://www.attendanceworks.org/wp-content/uploads/2019/06/Root-Causes-Worksheet-9-8-25-v2.pdf,Attendance Works
Attendance Works — Attendance Playbook,Support Attendance,School Leader; Student Support Staff,Choose attendance strategies after identifying the barrier.,https://www.attendanceworks.org/resources/attendance-playbook/,Attendance Works
Attendance Works — Success Mentors,Support Attendance; Build Relationships,School Leader; Student Support Staff,Toolkit for staff organizing or delivering success mentoring.,https://www.attendanceworks.org/resources/toolkits/mentoring-elementary-success-mentors/,Attendance Works
GRPS Family and Community Engagement,Support a Family,Family/Caregiver; Student Support Staff,Family engagement information and connection points.,https://grps.org/departments/face/,GRPS
Findhelp — Local Support Search,Support a Family; Support Attendance,Family/Caregiver; Student Support Staff,Search by location for practical assistance; not a district referral form.,https://www.findhelp.org/,Findhelp
GRPS Scholar Resource Guide,Support a Family; Support Attendance,Family/Caregiver; Scholar,Scholar and family support information.,https://grps.org/departments/css/scholar-guide/,GRPS
988 Suicide & Crisis Lifeline,Support a Family,Family/Caregiver; Scholar; Student Support Staff,Crisis support; not a general emotion-management lesson.,https://988lifeline.org/,988 Lifeline
Ask Me About…,Build Relationships; Build Belonging,Educator; Student Support Staff; Scholar,Participants choose three comfortable conversation topics; appropriate for secondary scholars and adults. Requires adult facilitation; not an independent scholar worksheet.,https://signaturepractices.casel.org/ask-me-about/,CASEL
Greeting Frenzy,Build Relationships; Build Belonging,Educator; Student Support Staff; Scholar,Brief greetings to help a group make connections; adapt for accessibility and consent. Requires adult facilitation; not an independent scholar worksheet.,https://signaturepractices.casel.org/greeting-frenzy/,CASEL
"Quiz, Quiz, Trade",Build Relationships; Build Belonging,Educator; Student Support Staff; Scholar,Partner questions that help participants learn about each other. Requires adult facilitation; not an independent scholar worksheet.,https://signaturepractices.casel.org/quiz-quiz-trade/,CASEL
What’s the News?,Build Relationships; Build Belonging,Educator; Student Support Staff; Scholar,Share personal news with a partner or group at a comfortable level. Requires adult facilitation; not an independent scholar worksheet.,https://signaturepractices.casel.org/whats-the-news/,CASEL
Mix and Mingle,Build Relationships; Build Belonging,Educator; Student Support Staff; Scholar,Partner or small-group sharing to practice curiosity and belonging. Requires adult facilitation; not an independent scholar worksheet.,https://signaturepractices.casel.org/mix-and-mingle/,CASEL
Color Chips Check-In,Manage Emotions; Build Belonging,Educator; Student Support Staff; Scholar,Choose a color to express a feeling; activity instructions are on the source page. Requires adult facilitation; not an independent scholar worksheet.,https://signaturepractices.casel.org/color-chips/,CASEL
Four Corners,Build Belonging; Resolve Conflict; Teach SEL,Educator; Student Support Staff; Scholar,Choose a position and listen to different perspectives in a structured discussion. Requires adult facilitation; not an independent scholar worksheet.,https://signaturepractices.casel.org/four-corners/,CASEL
Teaching Kids How to Deal With Conflict,Resolve Conflict,Family/Caregiver; Educator; Student Support Staff; Scholar,"Identify feelings, calm down, use I-statements, listen and brainstorm solutions; younger scholars benefit from adult guidance.",https://childmind.org/article/teaching-kids-how-to-deal-with-conflict/,Child Mind Institute
Helping Kids Through a Friendship Breakup,Build Relationships; Resolve Conflict,Family/Caregiver; Student Support Staff; Scholar,Guidance for navigating friendship changes; written primarily for adults supporting young people.,https://childmind.org/article/how-to-help-kids-through-a-friendship-breakup/,Child Mind Institute
SEL with Families and Caregivers,Build Relationships; Build Belonging; Support a Family; Teach SEL,Family/Caregiver; School Leader,Ideas for strengthening home–school partnerships and supporting SEL across settings.,https://casel.org/systemic-implementation/sel-with-families-caregivers/,CASEL
CASEL Practices Library — Adult Group Activities,Adult SEL; Build Relationships,School Leader; Educator; Student Support Staff,Select inclusive welcomes and reflection routines suitable for adult staff teams.,https://signaturepractices.casel.org/practices/,CASEL
Name and Motion,Build Relationships; Build Belonging,Educator; Student Support Staff; Scholar,Learn names and interests through verbal and non-verbal sharing. Requires adult facilitation; not an independent scholar worksheet.,https://signaturepractices.casel.org/name-and-motion/,CASEL
Attendance Works — Attendance Resources,Support Attendance,Family/Caregiver; Educator; Scholar,Explore attendance information; this is a collection rather than a scholar-specific intervention.,https://www.attendanceworks.org/,Attendance Works
GRPS SEL Resources — Browse Activities,Manage Emotions; Teach SEL; Support Behavior,Educator; Student Support Staff; Family/Caregiver,Browse GRPS materials; choose an appropriate activity from the district collection.,https://grps.org/departments/sel/sel-resources/,GRPS
Center on PBIS — Schoolwide Practices,Support Behavior; Build Belonging,School Leader; Student Support Staff,Schoolwide prevention and positive behavior systems guidance.,https://www.pbis.org/topics/school-wide,Center on PBIS
CASEL Schoolwide SEL Guide — Staff Implementation,Teach SEL; Adult SEL; Support Behavior,School Leader,Plan and strengthen schoolwide SEL and adult practices.,https://schoolguide.casel.org/,CASEL
Findhelp — Locate Community Support,Support a Family; Support Attendance,Family/Caregiver; Student Support Staff,Find local supports related to basic needs and access barriers.,https://www.findhelp.org/,Findhelp
CDC — Managing Stress,Adult SEL; Manage Emotions,Family/Caregiver; Educator; Student Support Staff; School Leader,"Identify stressors and choose coping actions such as breathing, breaks, movement and connection.",https://www.cdc.gov/mental-health/living-with/,CDC
AAP — Feeling Overwhelmed with Parenting Demands?,Adult SEL,Family/Caregiver,Practical ways to reduce parenting stress and build resilience at home.,https://www.healthychildren.org/English/family-life/family-dynamics/Pages/Feeling-Overwhelmed-with-Parenting-Demands.aspx,American Academy of Pediatrics
AAP — When Things Aren’t Perfect,Adult SEL; Manage Emotions,Family/Caregiver,"Identify trusted support, plan restorative activities and model coping during stressful times.",https://www.healthychildren.org/English/healthy-living/emotional-wellness/Building-Resilience/Pages/When-Things-Arent-Perfect-Caring-for-Yourself-Your-Children.aspx,American Academy of Pediatrics
AAP — Parent Self-Care: Recharge,Adult SEL,Family/Caregiver,Guidance on making a practical self-care plan while caring for children.,https://www.healthychildren.org/English/family-life/family-dynamics/Pages/Importance-of-Self-Care.aspx,American Academy of Pediatrics
CASEL — SEL Starts at Home,Adult SEL; Teach SEL; Build Relationships,Family/Caregiver,"Connect personal self-awareness, empathy and decision-making to everyday family routines.",https://casel.org/blog/social-and-emotional-learning-starts-at-home-and-doesnt-end-there/,CASEL
